{
  "H1": {
    "supported": true,
    "test": "Wilcoxon signed-rank",
    "W": 6.0,
    "p": 0.008550979237125313,
    "effect_size_r": 0.9428571428571428,
    "effect_strength": "LARGE",
    "n_pairs": 20,
    "seq_mean": 4.0,
    "ond_mean": 3.1
  },
  "H2": {
    "supported": true,
    "test": "Spearman's \u03c1",
    "correlation": 0.5968068530019021,
    "p": 0.0016367010357337328,
    "r_squared": 0.35617841979003395,
    "effect_strength": "MODERATE",
    "n": 25
  }
}