{
  "H1": {
    "hypothesis": "H1",
    "significant": true,
    "seq_attention": {
      "n": 24,
      "mean": 4.0,
      "sd": 0.9325048082403138,
      "values": [
        3.0,
        4.0,
        5.0,
        4.0,
        4.0,
        4.0,
        5.0,
        2.0,
        4.0,
        1.0,
        4.0,
        4.0,
        4.0,
        5.0,
        5.0,
        4.0,
        5.0,
        5.0,
        4.0,
        4.0,
        4.0,
        4.0,
        4.0,
        4.0
      ]
    },
    "ond_attention": {
      "n": 20,
      "mean": 3.1,
      "sd": 1.4104870379448817,
      "values": [
        3.0,
        5.0,
        3.0,
        5.0,
        4.0,
        5.0,
        2.0,
        4.0,
        1.0,
        4.0,
        1.0,
        2.0,
        1.0,
        3.0,
        2.0,
        4.0,
        2.0,
        5.0,
        2.0,
        4.0
      ]
    },
    "paired_n": 20,
    "mean_diff": 0.9,
    "wilcoxon": {
      "W": 6.0,
      "p": 0.008550979237125313,
      "effect_r": 0.5879747322073337
    }
  },
  "H2": {
    "hypothesis": "H2",
    "significant": false,
    "sus_overall": {
      "n": 25,
      "mean": 76.55555555555554,
      "sd": 11.370807688537871,
      "grade": "B (Good)"
    },
    "mann_whitney": {
      "U": 12.5,
      "p": 0.5912315689873544
    }
  },
  "H3": {
    "hypothesis": "H3",
    "significant": false,
    "tech_background": {
      "n": 25,
      "mean": 3.498,
      "sd": 1.0361930322097326,
      "values": [
        3.5,
        2.5,
        5.0,
        3.5,
        1.0999999999999999,
        5.0,
        3.45,
        3.4,
        3.8,
        3.6999999999999997,
        3.0999999999999996,
        2.4,
        1.0,
        3.1999999999999997,
        4.699999999999999,
        2.9,
        2.5,
        4.8999999999999995,
        4.0,
        3.9,
        4.6,
        4.0,
        4.1,
        3.0,
        4.199999999999999
      ]
    },
    "learnability": {
      "n": 25,
      "mean": 83.5,
      "sd": 12.103718436910205,
      "values": [
        87.5,
        87.5,
        100.0,
        62.5,
        87.5,
        87.5,
        87.5,
        75.0,
        87.5,
        87.5,
        100.0,
        75.0,
        75.0,
        75.0,
        100.0,
        75.0,
        100.0,
        100.0,
        75.0,
        100.0,
        75.0,
        87.5,
        62.5,
        62.5,
        75.0
      ]
    },
    "spearman": {
      "rho": 0.22367692227491723,
      "p": 0.2824556456788948,
      "strength": "weak",
      "direction": "positive"
    }
  },
  "H4": {
    "hypothesis": "H4",
    "significant": false,
    "control": {
      "n": 20,
      "mean": 4.55,
      "sd": 0.6689544080129827,
      "values": [
        4.0,
        5.0,
        5.0,
        5.0,
        5.0,
        4.0,
        5.0,
        5.0,
        5.0,
        5.0,
        3.0,
        3.0,
        4.0,
        5.0,
        5.0,
        5.0,
        5.0,
        5.0,
        4.0,
        4.0
      ]
    },
    "point_biserial": {
      "r": -0.2825869881107242,
      "p": 0.22735870775618966
    }
  },
  "H5": {
    "hypothesis": "H5",
    "significant": false,
    "safety": {
      "n": 25,
      "mean": 3.826666666666666,
      "sd": 0.6674661872418041,
      "values": [
        4.0,
        3.3333333333333335,
        4.0,
        3.3333333333333335,
        5.0,
        4.333333333333333,
        5.0,
        3.0,
        3.3333333333333335,
        4.0,
        3.0,
        3.3333333333333335,
        3.6666666666666665,
        3.6666666666666665,
        4.333333333333333,
        4.0,
        4.333333333333333,
        4.666666666666667,
        3.6666666666666665,
        5.0,
        2.3333333333333335,
        3.6666666666666665,
        3.6666666666666665,
        4.0,
        3.0
      ]
    },
    "point_biserial": {
      "r": 0.07657797869619144,
      "p": 0.7159907010246431
    }
  },
  "reliability": {
    "sus": {
      "alpha": 0.6037895365028845,
      "interpretation": "Questionable",
      "k": 9
    },
    "tech_background": {
      "alpha": 0.9309207594259739,
      "interpretation": "Excellent",
      "k": 7
    },
    "godspeed_safety": {
      "alpha": 0.5445902262787602,
      "interpretation": "Poor",
      "k": 4
    },
    "safety_perception": {
      "alpha": 0.6252873563218391,
      "interpretation": "Questionable",
      "k": 4
    }
  }
}